"id","fields","country_service_id","inserted_at","updated_at"
1,"{""is_flexible"": false, ""distance_limit"": 30}",1,2019-12-26 07:53:35.000,2019-12-26 07:53:38.000
3,"{""is_flexible"": false, ""distance_limit"": 30}",2,2019-12-26 07:53:35.000,2019-12-26 07:53:38.000
4,"{""is_flexible"": false, ""distance_limit"": 30}",3,2019-12-26 07:53:35.000,2019-12-26 07:53:38.000
2,"{""is_flexible"": false, ""distance_limit"": 30}",4,2019-12-26 07:53:35.000,2019-12-26 07:53:38.000
5,"{""is_flexible"": false, ""distance_limit"": 30}",5,2019-12-26 07:53:35.000,2019-12-26 07:53:38.000
6,"{""is_flexible"": false, ""distance_limit"": 30}",6,2019-12-26 07:53:35.000,2019-12-26 07:53:38.000
7,"{""is_flexible"": false, ""distance_limit"": 30}",7,2019-12-26 07:53:35.000,2019-12-26 07:53:38.000
8,"{""is_flexible"": false, ""distance_limit"": 30}",8,2019-12-26 07:53:35.000,2019-12-26 07:53:38.000
9,"{""is_flexible"": false, ""distance_limit"": 30}",9,2019-12-26 07:53:35.000,2019-12-26 07:53:38.000
10,"{""is_flexible"": false, ""distance_limit"": 30}",10,2019-12-26 07:53:35.000,2019-12-26 07:53:38.000
11,"{""is_flexible"": false, ""distance_limit"": 30}",11,2019-12-26 07:53:35.000,2019-12-26 07:53:38.000
12,"{""is_flexible"": false, ""distance_limit"": 30}",12,2019-12-26 07:53:35.000,2019-12-26 07:53:38.000
13,"{""is_flexible"": false, ""distance_limit"": 30}",13,2019-12-26 07:53:35.000,2019-12-26 07:53:38.000
14,"{""is_flexible"": false, ""distance_limit"": 30}",14,2019-12-26 07:53:35.000,2019-12-26 07:53:38.000
15,"{""is_flexible"": false, ""distance_limit"": 30}",15,2019-12-26 07:53:35.000,2019-12-26 07:53:38.000
16,"{""is_flexible"": false, ""distance_limit"": 30}",16,2019-12-26 07:53:35.000,2019-12-26 07:53:38.000
17,"{""is_flexible"": false, ""distance_limit"": 30}",17,2019-12-26 07:53:35.000,2019-12-26 07:53:38.000
18,"{""is_flexible"": false, ""distance_limit"": 30}",18,2019-12-26 07:53:35.000,2019-12-26 07:53:38.000
19,"{""is_flexible"": false, ""distance_limit"": 30}",19,2019-12-26 07:53:35.000,2019-12-26 07:53:38.000
20,"{""is_flexible"": false, ""distance_limit"": 30}",20,2019-12-26 07:53:35.000,2019-12-26 07:53:38.000
21,"{""is_flexible"": false, ""distance_limit"": 30}",21,2019-12-26 07:53:35.000,2019-12-26 07:53:38.000
22,"{""is_flexible"": false, ""distance_limit"": 30}",22,2019-12-26 07:53:35.000,2019-12-26 07:53:38.000
23,"{""is_flexible"": false, ""distance_limit"": 30}",23,2019-12-26 07:53:35.000,2019-12-26 07:53:38.000
24,"{""is_flexible"": false, ""distance_limit"": 30}",24,2019-12-26 07:53:35.000,2019-12-26 07:53:38.000
25,"{""is_flexible"": false, ""distance_limit"": 30}",25,2019-12-26 07:53:35.000,2019-12-26 07:53:38.000
26,"{""is_flexible"": false, ""distance_limit"": 30}",26,2019-12-26 07:53:35.000,2019-12-26 07:53:38.000
27,"{""is_flexible"": false, ""distance_limit"": 30}",27,2019-12-26 07:53:35.000,2019-12-26 07:53:38.000
28,"{""is_flexible"": false, ""distance_limit"": 30}",28,2019-12-26 07:53:35.000,2019-12-26 07:53:38.000
29,"{""is_flexible"": false, ""distance_limit"": 30}",29,2019-12-26 07:53:35.000,2019-12-26 07:53:38.000
30,"{""is_flexible"": false, ""distance_limit"": 30}",30,2019-12-26 07:53:35.000,2019-12-26 07:53:38.000
31,"{""is_flexible"": false, ""distance_limit"": 30}",31,2019-12-26 07:53:35.000,2019-12-26 07:53:38.000
32,"{""is_flexible"": false, ""distance_limit"": 30}",32,2019-12-26 07:53:35.000,2019-12-26 07:53:38.000
33,"{""is_flexible"": false, ""distance_limit"": 30}",33,2019-12-26 07:53:35.000,2019-12-26 07:53:38.000
34,"{""is_flexible"": false, ""distance_limit"": 30}",34,2019-12-26 07:53:35.000,2019-12-26 07:53:38.000
35,"{""is_flexible"": false, ""distance_limit"": 30}",35,2019-12-26 07:53:35.000,2019-12-26 07:53:38.000
36,"{""is_flexible"": false, ""distance_limit"": 30}",36,2019-12-26 07:53:35.000,2019-12-26 07:53:38.000
37,"{""is_flexible"": false, ""distance_limit"": 30}",37,2019-12-26 07:53:35.000,2019-12-26 07:53:38.000
38,"{""is_flexible"": false, ""distance_limit"": 30}",38,2019-12-26 07:53:35.000,2019-12-26 07:53:38.000
39,"{""is_flexible"": false, ""distance_limit"": 30}",39,2019-12-26 07:53:35.000,2019-12-26 07:53:38.000
40,"{""is_flexible"": false, ""distance_limit"": 30}",40,2019-12-26 07:53:35.000,2019-12-26 07:53:38.000
41,"{""is_flexible"": false, ""distance_limit"": 30}",41,2019-12-26 07:53:35.000,2019-12-26 07:53:38.000
42,"{""is_flexible"": false, ""distance_limit"": 30}",42,2019-12-26 07:53:35.000,2019-12-26 07:53:38.000
43,"{""is_flexible"": false, ""distance_limit"": 30}",43,2019-12-26 07:53:35.000,2019-12-26 07:53:38.000
44,"{""is_flexible"": false, ""distance_limit"": 30}",44,2019-12-26 07:53:35.000,2019-12-26 07:53:38.000
45,"{""is_flexible"": false, ""distance_limit"": 30}",45,2019-12-26 07:53:35.000,2019-12-26 07:53:38.000
46,"{""is_flexible"": false, ""distance_limit"": 30}",46,2019-12-26 07:53:35.000,2019-12-26 07:53:38.000
47,"{""is_flexible"": false, ""distance_limit"": 30}",47,2019-12-26 07:53:35.000,2019-12-26 07:53:38.000
48,"{""is_flexible"": false, ""distance_limit"": 30}",48,2019-12-26 07:53:35.000,2019-12-26 07:53:38.000
49,"{""is_flexible"": false, ""distance_limit"": 30}",49,2019-12-26 07:53:35.000,2019-12-26 07:53:38.000
50,"{""is_flexible"": false, ""distance_limit"": 30}",50,2019-12-26 07:53:35.000,2019-12-26 07:53:38.000
51,"{""is_flexible"": false, ""distance_limit"": 30}",51,2019-12-26 07:53:35.000,2019-12-26 07:53:38.000
52,"{""is_flexible"": false, ""distance_limit"": 30}",52,2019-12-26 07:53:35.000,2019-12-26 07:53:38.000
53,"{""is_flexible"": false, ""distance_limit"": 30}",53,2019-12-26 07:53:35.000,2019-12-26 07:53:38.000
54,"{""is_flexible"": false, ""distance_limit"": 30}",54,2019-12-26 07:53:35.000,2019-12-26 07:53:38.000
55,"{""is_flexible"": false, ""distance_limit"": 30}",55,2019-12-26 07:53:35.000,2019-12-26 07:53:38.000
56,"{""is_flexible"": false, ""distance_limit"": 30}",56,2019-12-26 07:53:35.000,2019-12-26 07:53:38.000
57,"{""is_flexible"": false, ""distance_limit"": 30}",57,2019-12-26 07:53:35.000,2019-12-26 07:53:38.000
58,"{""is_flexible"": false, ""distance_limit"": 30}",58,2019-12-26 07:53:35.000,2019-12-26 07:53:38.000
59,"{""is_flexible"": false, ""distance_limit"": 30}",59,2019-12-26 07:53:35.000,2019-12-26 07:53:38.000
60,"{""is_flexible"": false, ""distance_limit"": 30}",60,2019-12-26 07:53:35.000,2019-12-26 07:53:38.000
61,"{""is_flexible"": false, ""distance_limit"": 30}",61,2019-12-26 07:53:35.000,2019-12-26 07:53:38.000
62,"{""is_flexible"": false, ""distance_limit"": 30}",62,2019-12-26 07:53:35.000,2019-12-26 07:53:38.000
63,"{""is_flexible"": false, ""distance_limit"": 30}",63,2019-12-26 07:53:35.000,2019-12-26 07:53:38.000
64,"{""is_flexible"": false, ""distance_limit"": 30}",64,2019-12-26 07:53:35.000,2019-12-26 07:53:38.000
65,"{""is_flexible"": false, ""distance_limit"": 30}",65,2019-12-26 07:53:35.000,2019-12-26 07:53:38.000
66,"{""is_flexible"": false, ""distance_limit"": 30}",66,2019-12-26 07:53:35.000,2019-12-26 07:53:38.000
67,"{""is_flexible"": false, ""distance_limit"": 30}",67,2019-12-26 07:53:35.000,2019-12-26 07:53:38.000
68,"{""is_flexible"": false, ""distance_limit"": 30}",68,2019-12-26 07:53:35.000,2019-12-26 07:53:38.000
69,"{""is_flexible"": false, ""distance_limit"": 30}",69,2019-12-26 07:53:35.000,2019-12-26 07:53:38.000
70,"{""is_flexible"": false, ""distance_limit"": 30}",70,2019-12-26 07:53:35.000,2019-12-26 07:53:38.000
71,"{""is_flexible"": false, ""distance_limit"": 30}",71,2019-12-26 07:53:35.000,2019-12-26 07:53:38.000
72,"{""is_flexible"": false, ""distance_limit"": 30}",72,2019-12-26 07:53:35.000,2019-12-26 07:53:38.000
73,"{""is_flexible"": false, ""distance_limit"": 30}",73,2019-12-26 07:53:35.000,2019-12-26 07:53:38.000
74,"{""is_flexible"": false, ""distance_limit"": 30}",74,2019-12-26 07:53:35.000,2019-12-26 07:53:38.000
75,"{""is_flexible"": false, ""distance_limit"": 30}",75,2019-12-26 07:53:35.000,2019-12-26 07:53:38.000
76,"{""is_flexible"": false, ""distance_limit"": 30}",76,2019-12-26 07:53:35.000,2019-12-26 07:53:38.000
77,"{""is_flexible"": false, ""distance_limit"": 30}",77,2019-12-26 07:53:35.000,2019-12-26 07:53:38.000
78,"{""is_flexible"": false, ""distance_limit"": 30}",78,2019-12-26 07:53:35.000,2019-12-26 07:53:38.000
79,"{""is_flexible"": false, ""distance_limit"": 30}",79,2019-12-26 07:53:35.000,2019-12-26 07:53:38.000
80,"{""is_flexible"": false, ""distance_limit"": 30}",80,2019-12-26 07:53:35.000,2019-12-26 07:53:38.000
81,"{""is_flexible"": false, ""distance_limit"": 30}",81,2019-12-26 07:53:35.000,2019-12-26 07:53:38.000
82,"{""is_flexible"": false, ""distance_limit"": 30}",82,2019-12-26 07:53:35.000,2019-12-26 07:53:38.000
83,"{""is_flexible"": false, ""distance_limit"": 30}",83,2019-12-26 07:53:35.000,2019-12-26 07:53:38.000
84,"{""is_flexible"": false, ""distance_limit"": 30}",84,2019-12-26 07:53:35.000,2019-12-26 07:53:38.000
85,"{""is_flexible"": false, ""distance_limit"": 30}",85,2019-12-26 07:53:35.000,2019-12-26 07:53:38.000
86,"{""is_flexible"": false, ""distance_limit"": 30}",86,2019-12-26 07:53:35.000,2019-12-26 07:53:38.000
87,"{""is_flexible"": false, ""distance_limit"": 30}",87,2019-12-26 07:53:35.000,2019-12-26 07:53:38.000
88,"{""is_flexible"": false, ""distance_limit"": 30}",88,2019-12-26 07:53:35.000,2019-12-26 07:53:38.000
89,"{""is_flexible"": false, ""distance_limit"": 30}",89,2019-12-26 07:53:35.000,2019-12-26 07:53:38.000
90,"{""is_flexible"": false, ""distance_limit"": 30}",90,2019-12-26 07:53:35.000,2019-12-26 07:53:38.000
91,"{""is_flexible"": false, ""distance_limit"": 30}",91,2019-12-26 07:53:35.000,2019-12-26 07:53:38.000
92,"{""is_flexible"": false, ""distance_limit"": 30}",92,2019-12-26 07:53:35.000,2019-12-26 07:53:38.000
93,"{""is_flexible"": false, ""distance_limit"": 30}",93,2019-12-26 07:53:35.000,2019-12-26 07:53:38.000
94,"{""is_flexible"": false, ""distance_limit"": 30}",94,2019-12-26 07:53:35.000,2019-12-26 07:53:38.000
95,"{""is_flexible"": false, ""distance_limit"": 30}",95,2019-12-26 07:53:35.000,2019-12-26 07:53:38.000
96,"{""is_flexible"": false, ""distance_limit"": 30}",96,2019-12-26 07:53:35.000,2019-12-26 07:53:38.000
97,"{""is_flexible"": false, ""distance_limit"": 30}",97,2019-12-26 07:53:35.000,2019-12-26 07:53:38.000
98,"{""is_flexible"": false, ""distance_limit"": 30}",98,2019-12-26 07:53:35.000,2019-12-26 07:53:38.000
99,"{""is_flexible"": false, ""distance_limit"": 30}",99,2019-12-26 07:53:35.000,2019-12-26 07:53:38.000
100,"{""is_flexible"": false, ""distance_limit"": 30}",100,2019-12-26 07:53:35.000,2019-12-26 07:53:38.000
101,"{""is_flexible"": false, ""distance_limit"": 30}",101,2019-12-26 07:53:35.000,2019-12-26 07:53:38.000
102,"{""is_flexible"": false, ""distance_limit"": 30}",102,2019-12-26 07:53:35.000,2019-12-26 07:53:38.000
103,"{""is_flexible"": false, ""distance_limit"": 30}",103,2019-12-26 07:53:35.000,2019-12-26 07:53:38.000
104,"{""is_flexible"": false, ""distance_limit"": 30}",104,2019-12-26 07:53:35.000,2019-12-26 07:53:38.000
105,"{""is_flexible"": false, ""distance_limit"": 30}",105,2019-12-26 07:53:35.000,2019-12-26 07:53:38.000
106,"{""is_flexible"": false, ""distance_limit"": 30}",106,2019-12-26 07:53:35.000,2019-12-26 07:53:38.000
107,"{""is_flexible"": false, ""distance_limit"": 30}",107,2019-12-26 07:53:35.000,2019-12-26 07:53:38.000
108,"{""is_flexible"": false, ""distance_limit"": 30}",108,2019-12-26 07:53:35.000,2019-12-26 07:53:38.000
109,"{""is_flexible"": false, ""distance_limit"": 30}",109,2019-12-26 07:53:35.000,2019-12-26 07:53:38.000
110,"{""is_flexible"": false, ""distance_limit"": 30}",110,2019-12-26 07:53:35.000,2019-12-26 07:53:38.000
111,"{""is_flexible"": false, ""distance_limit"": 30}",111,2019-12-26 07:53:35.000,2019-12-26 07:53:38.000
112,"{""is_flexible"": false, ""distance_limit"": 30}",112,2019-12-26 07:53:35.000,2019-12-26 07:53:38.000
113,"{""is_flexible"": false, ""distance_limit"": 30}",113,2019-12-26 07:53:35.000,2019-12-26 07:53:38.000
114,"{""is_flexible"": false, ""distance_limit"": 30}",114,2019-12-26 07:53:35.000,2019-12-26 07:53:38.000
115,"{""is_flexible"": false, ""distance_limit"": 30}",115,2019-12-26 07:53:35.000,2019-12-26 07:53:38.000
116,"{""is_flexible"": false, ""distance_limit"": 30}",116,2019-12-26 07:53:35.000,2019-12-26 07:53:38.000
117,"{""is_flexible"": false, ""distance_limit"": 30}",117,2019-12-26 07:53:35.000,2019-12-26 07:53:38.000
118,"{""is_flexible"": false, ""distance_limit"": 30}",118,2019-12-26 07:53:35.000,2019-12-26 07:53:38.000
119,"{""is_flexible"": false, ""distance_limit"": 30}",118,2019-12-26 07:53:35.000,2019-12-26 07:53:38.000
120,"{""is_flexible"": false, ""distance_limit"": 30}",120,2019-12-26 07:53:35.000,2019-12-26 07:53:38.000
121,"{""is_flexible"": false, ""distance_limit"": 30}",121,2019-12-26 07:53:35.000,2019-12-26 07:53:38.000
122,"{""is_flexible"": false, ""distance_limit"": 30}",122,2019-12-26 07:53:35.000,2019-12-26 07:53:38.000
123,"{""is_flexible"": false, ""distance_limit"": 30}",123,2019-12-26 07:53:35.000,2019-12-26 07:53:38.000
124,"{""is_flexible"": false, ""distance_limit"": 30}",124,2019-12-26 07:53:35.000,2019-12-26 07:53:38.000
125,"{""is_flexible"": false, ""distance_limit"": 30}",125,2019-12-26 07:53:35.000,2019-12-26 07:53:38.000
126,"{""is_flexible"": false, ""distance_limit"": 30}",126,2019-12-26 07:53:35.000,2019-12-26 07:53:38.000
127,"{""is_flexible"": false, ""distance_limit"": 30}",127,2019-12-26 07:53:35.000,2019-12-26 07:53:38.000
128,"{""is_flexible"": false, ""distance_limit"": 30}",128,2019-12-26 07:53:35.000,2019-12-26 07:53:38.000
129,"{""is_flexible"": false, ""distance_limit"": 30}",129,2019-12-26 07:53:35.000,2019-12-26 07:53:38.000
130,"{""is_flexible"": false, ""distance_limit"": 30}",130,2019-12-26 07:53:35.000,2019-12-26 07:53:38.000
131,"{""is_flexible"": false, ""distance_limit"": 30}",131,2019-12-26 07:53:35.000,2019-12-26 07:53:38.000
132,"{""is_flexible"": false, ""distance_limit"": 30}",132,2019-12-26 07:53:35.000,2019-12-26 07:53:38.000
133,"{""is_flexible"": false, ""distance_limit"": 30}",133,2019-12-26 07:53:35.000,2019-12-26 07:53:38.000
134,"{""is_flexible"": false, ""distance_limit"": 30}",134,2019-12-26 07:53:35.000,2019-12-26 07:53:38.000
135,"{""is_flexible"": false, ""distance_limit"": 30}",135,2019-12-26 07:53:35.000,2019-12-26 07:53:38.000
136,"{""is_flexible"": false, ""distance_limit"": 30}",136,2019-12-26 07:53:35.000,2019-12-26 07:53:38.000
137,"{""is_flexible"": false, ""distance_limit"": 30}",137,2019-12-26 07:53:35.000,2019-12-26 07:53:38.000
138,"{""is_flexible"": false, ""distance_limit"": 30}",138,2019-12-26 07:53:35.000,2019-12-26 07:53:38.000
139,"{""is_flexible"": false, ""distance_limit"": 30}",139,2019-12-26 07:53:35.000,2019-12-26 07:53:38.000
140,"{""is_flexible"": false, ""distance_limit"": 30}",140,2019-12-26 07:53:35.000,2019-12-26 07:53:38.000
141,"{""is_flexible"": false, ""distance_limit"": 30}",141,2019-12-26 07:53:35.000,2019-12-26 07:53:38.000
142,"{""is_flexible"": false, ""distance_limit"": 30}",142,2019-12-26 07:53:35.000,2019-12-26 07:53:38.000
143,"{""is_flexible"": false, ""distance_limit"": 30}",143,2019-12-26 07:53:35.000,2019-12-26 07:53:38.000
144,"{""is_flexible"": false, ""distance_limit"": 30}",144,2019-12-26 07:53:35.000,2019-12-26 07:53:38.000
145,"{""is_flexible"": false, ""distance_limit"": 30}",145,2019-12-26 07:53:35.000,2019-12-26 07:53:38.000
146,"{""is_flexible"": false, ""distance_limit"": 30}",146,2019-12-26 07:53:35.000,2019-12-26 07:53:38.000
147,"{""is_flexible"": false, ""distance_limit"": 30}",147,2019-12-26 07:53:35.000,2019-12-26 07:53:38.000
148,"{""is_flexible"": false, ""distance_limit"": 30}",148,2019-12-26 07:53:35.000,2019-12-26 07:53:38.000
149,"{""is_flexible"": false, ""distance_limit"": 30}",149,2019-12-26 07:53:35.000,2019-12-26 07:53:38.000
150,"{""is_flexible"": false, ""distance_limit"": 30}",150,2019-12-26 07:53:35.000,2019-12-26 07:53:38.000
151,"{""is_flexible"": false, ""distance_limit"": 30}",151,2019-12-26 07:53:35.000,2019-12-26 07:53:38.000
152,"{""is_flexible"": false, ""distance_limit"": 30}",152,2019-12-26 07:53:35.000,2019-12-26 07:53:38.000
153,"{""is_flexible"": false, ""distance_limit"": 30}",153,2019-12-26 07:53:35.000,2019-12-26 07:53:38.000
154,"{""is_flexible"": false, ""distance_limit"": 30}",154,2019-12-26 07:53:35.000,2019-12-26 07:53:38.000
155,"{""is_flexible"": false, ""distance_limit"": 30}",155,2019-12-26 07:53:35.000,2019-12-26 07:53:38.000
156,"{""is_flexible"": false, ""distance_limit"": 30}",156,2019-12-26 07:53:35.000,2019-12-26 07:53:38.000
157,"{""is_flexible"": false, ""distance_limit"": 30}",157,2019-12-26 07:53:35.000,2019-12-26 07:53:38.000
158,"{""is_flexible"": false, ""distance_limit"": 30}",158,2019-12-26 07:53:35.000,2019-12-26 07:53:38.000
159,"{""is_flexible"": false, ""distance_limit"": 30}",159,2019-12-26 07:53:35.000,2019-12-26 07:53:38.000
160,"{""is_flexible"": false, ""distance_limit"": 30}",160,2019-12-26 07:53:35.000,2019-12-26 07:53:38.000
161,"{""is_flexible"": false, ""distance_limit"": 30}",161,2019-12-26 07:53:35.000,2019-12-26 07:53:38.000
162,"{""is_flexible"": false, ""distance_limit"": 30}",162,2019-12-26 07:53:35.000,2019-12-26 07:53:38.000
163,"{""is_flexible"": false, ""distance_limit"": 30}",163,2019-12-26 07:53:35.000,2019-12-26 07:53:38.000
164,"{""is_flexible"": false, ""distance_limit"": 30}",164,2019-12-26 07:53:35.000,2019-12-26 07:53:38.000
165,"{""is_flexible"": false, ""distance_limit"": 30}",165,2019-12-26 07:53:35.000,2019-12-26 07:53:38.000
166,"{""is_flexible"": false, ""distance_limit"": 30}",166,2019-12-26 07:53:35.000,2019-12-26 07:53:38.000
167,"{""is_flexible"": false, ""distance_limit"": 30}",167,2019-12-26 07:53:35.000,2019-12-26 07:53:38.000
168,"{""is_flexible"": false, ""distance_limit"": 30}",168,2019-12-26 07:53:35.000,2019-12-26 07:53:38.000
169,"{""is_flexible"": false, ""distance_limit"": 30}",169,2019-12-26 07:53:35.000,2019-12-26 07:53:38.000
170,"{""is_flexible"": false, ""distance_limit"": 30}",170,2019-12-26 07:53:35.000,2019-12-26 07:53:38.000
171,"{""is_flexible"": false, ""distance_limit"": 30}",171,2019-12-26 07:53:35.000,2019-12-26 07:53:38.000
172,"{""is_flexible"": false, ""distance_limit"": 30}",172,2019-12-26 07:53:35.000,2019-12-26 07:53:38.000
173,"{""is_flexible"": false, ""distance_limit"": 30}",173,2019-12-26 07:53:35.000,2019-12-26 07:53:38.000
174,"{""is_flexible"": false, ""distance_limit"": 30}",174,2019-12-26 07:53:35.000,2019-12-26 07:53:38.000
175,"{""is_flexible"": false, ""distance_limit"": 30}",175,2019-12-26 07:53:35.000,2019-12-26 07:53:38.000
176,"{""is_flexible"": false, ""distance_limit"": 30}",176,2019-12-26 07:53:35.000,2019-12-26 07:53:38.000
177,"{""is_flexible"": false, ""distance_limit"": 30}",177,2019-12-26 07:53:35.000,2019-12-26 07:53:38.000
178,"{""is_flexible"": false, ""distance_limit"": 30}",178,2019-12-26 07:53:35.000,2019-12-26 07:53:38.000
179,"{""is_flexible"": false, ""distance_limit"": 30}",179,2019-12-26 07:53:35.000,2019-12-26 07:53:38.000
180,"{""is_flexible"": false, ""distance_limit"": 30}",180,2019-12-26 07:53:35.000,2019-12-26 07:53:38.000
181,"{""is_flexible"": false, ""distance_limit"": 30}",181,2019-12-26 07:53:35.000,2019-12-26 07:53:38.000
182,"{""is_flexible"": false, ""distance_limit"": 30}",182,2019-12-26 07:53:35.000,2019-12-26 07:53:38.000
183,"{""is_flexible"": false, ""distance_limit"": 30}",183,2019-12-26 07:53:35.000,2019-12-26 07:53:38.000
184,"{""is_flexible"": false, ""distance_limit"": 30}",184,2019-12-26 07:53:35.000,2019-12-26 07:53:38.000
185,"{""is_flexible"": false, ""distance_limit"": 30}",185,2019-12-26 07:53:35.000,2019-12-26 07:53:38.000
186,"{""is_flexible"": false, ""distance_limit"": 30}",186,2019-12-26 07:53:35.000,2019-12-26 07:53:38.000
187,"{""is_flexible"": false, ""distance_limit"": 30}",187,2019-12-26 07:53:35.000,2019-12-26 07:53:38.000
188,"{""is_flexible"": false, ""distance_limit"": 30}",188,2019-12-26 07:53:35.000,2019-12-26 07:53:38.000
189,"{""is_flexible"": false, ""distance_limit"": 30}",189,2019-12-26 07:53:35.000,2019-12-26 07:53:38.000
190,"{""is_flexible"": false, ""distance_limit"": 30}",190,2019-12-26 07:53:35.000,2019-12-26 07:53:38.000
191,"{""is_flexible"": false, ""distance_limit"": 30}",191,2019-12-26 07:53:35.000,2019-12-26 07:53:38.000
192,"{""is_flexible"": false, ""distance_limit"": 30}",192,2019-12-26 07:53:35.000,2019-12-26 07:53:38.000
193,"{""is_flexible"": false, ""distance_limit"": 30}",193,2019-12-26 07:53:35.000,2019-12-26 07:53:38.000
194,"{""is_flexible"": false, ""distance_limit"": 30}",194,2019-12-26 07:53:35.000,2019-12-26 07:53:38.000
195,"{""is_flexible"": false, ""distance_limit"": 30}",195,2019-12-26 07:53:35.000,2019-12-26 07:53:38.000
196,"{""is_flexible"": false, ""distance_limit"": 30}",196,2019-12-26 07:53:35.000,2019-12-26 07:53:38.000
197,"{""is_flexible"": false, ""distance_limit"": 30}",197,2019-12-26 07:53:35.000,2019-12-26 07:53:38.000
198,"{""is_flexible"": false, ""distance_limit"": 30}",198,2019-12-26 07:53:35.000,2019-12-26 07:53:38.000
199,"{""is_flexible"": false, ""distance_limit"": 30}",199,2019-12-26 07:53:35.000,2019-12-26 07:53:38.000
200,"{""is_flexible"": false, ""distance_limit"": 30}",200,2019-12-26 07:53:35.000,2019-12-26 07:53:38.000
201,"{""is_flexible"": false, ""distance_limit"": 30}",201,2019-12-26 07:53:35.000,2019-12-26 07:53:38.000
202,"{""is_flexible"": false, ""distance_limit"": 30}",202,2019-12-26 07:53:35.000,2019-12-26 07:53:38.000
203,"{""is_flexible"": false, ""distance_limit"": 30}",203,2019-12-26 07:53:35.000,2019-12-26 07:53:38.000
204,"{""is_flexible"": false, ""distance_limit"": 30}",204,2019-12-26 07:53:35.000,2019-12-26 07:53:38.000
205,"{""is_flexible"": false, ""distance_limit"": 30}",205,2019-12-26 07:53:35.000,2019-12-26 07:53:38.000
206,"{""is_flexible"": false, ""distance_limit"": 30}",206,2019-12-26 07:53:35.000,2019-12-26 07:53:38.000
207,"{""is_flexible"": false, ""distance_limit"": 30}",207,2019-12-26 07:53:35.000,2019-12-26 07:53:38.000
208,"{""is_flexible"": false, ""distance_limit"": 30}",208,2019-12-26 07:53:35.000,2019-12-26 07:53:38.000
209,"{""is_flexible"": false, ""distance_limit"": 30}",209,2019-12-26 07:53:35.000,2019-12-26 07:53:38.000
210,"{""is_flexible"": false, ""distance_limit"": 30}",210,2019-12-26 07:53:35.000,2019-12-26 07:53:38.000
211,"{""is_flexible"": false, ""distance_limit"": 30}",211,2019-12-26 07:53:35.000,2019-12-26 07:53:38.000
212,"{""is_flexible"": false, ""distance_limit"": 30}",212,2019-12-26 07:53:35.000,2019-12-26 07:53:38.000
213,"{""is_flexible"": false, ""distance_limit"": 30}",213,2019-12-26 07:53:35.000,2019-12-26 07:53:38.000
214,"{""is_flexible"": false, ""distance_limit"": 30}",214,2019-12-26 07:53:35.000,2019-12-26 07:53:38.000
215,"{""is_flexible"": false, ""distance_limit"": 30}",215,2019-12-26 07:53:35.000,2019-12-26 07:53:38.000
216,"{""is_flexible"": false, ""distance_limit"": 30}",216,2019-12-26 07:53:35.000,2019-12-26 07:53:38.000
217,"{""is_flexible"": false, ""distance_limit"": 30}",217,2019-12-26 07:53:35.000,2019-12-26 07:53:38.000
218,"{""is_flexible"": false, ""distance_limit"": 30}",218,2019-12-26 07:53:35.000,2019-12-26 07:53:38.000
219,"{""is_flexible"": false, ""distance_limit"": 30}",219,2019-12-26 07:53:35.000,2019-12-26 07:53:38.000
220,"{""is_flexible"": false, ""distance_limit"": 30}",220,2019-12-26 07:53:35.000,2019-12-26 07:53:38.000
221,"{""is_flexible"": false, ""distance_limit"": 30}",221,2019-12-26 07:53:35.000,2019-12-26 07:53:38.000
222,"{""is_flexible"": false, ""distance_limit"": 30}",222,2019-12-26 07:53:35.000,2019-12-26 07:53:38.000
223,"{""is_flexible"": false, ""distance_limit"": 30}",223,2019-12-26 07:53:35.000,2019-12-26 07:53:38.000
224,"{""is_flexible"": false, ""distance_limit"": 30}",224,2019-12-26 07:53:35.000,2019-12-26 07:53:38.000
225,"{""is_flexible"": false, ""distance_limit"": 30}",225,2019-12-26 07:53:35.000,2019-12-26 07:53:38.000
226,"{""is_flexible"": false, ""distance_limit"": 30}",226,2019-12-26 07:53:35.000,2019-12-26 07:53:38.000
227,"{""is_flexible"": false, ""distance_limit"": 30}",227,2019-12-26 07:53:35.000,2019-12-26 07:53:38.000
228,"{""is_flexible"": false, ""distance_limit"": 30}",228,2019-12-26 07:53:35.000,2019-12-26 07:53:38.000
229,"{""is_flexible"": false, ""distance_limit"": 30}",229,2019-12-26 07:53:35.000,2019-12-26 07:53:38.000
230,"{""is_flexible"": false, ""distance_limit"": 30}",230,2019-12-26 07:53:35.000,2019-12-26 07:53:38.000
231,"{""is_flexible"": false, ""distance_limit"": 30}",231,2019-12-26 07:53:35.000,2019-12-26 07:53:38.000
232,"{""is_flexible"": false, ""distance_limit"": 30}",232,2019-12-26 07:53:35.000,2019-12-26 07:53:38.000
233,"{""is_flexible"": false, ""distance_limit"": 30}",233,2019-12-26 07:53:35.000,2019-12-26 07:53:38.000
234,"{""is_flexible"": false, ""distance_limit"": 30}",234,2019-12-26 07:53:35.000,2019-12-26 07:53:38.000
235,"{""is_flexible"": false, ""distance_limit"": 30}",235,2019-12-26 07:53:35.000,2019-12-26 07:53:38.000
236,"{""is_flexible"": false, ""distance_limit"": 30}",236,2019-12-26 07:53:35.000,2019-12-26 07:53:38.000
237,"{""is_flexible"": false, ""distance_limit"": 30}",237,2019-12-26 07:53:35.000,2019-12-26 07:53:38.000
238,"{""is_flexible"": false, ""distance_limit"": 30}",238,2019-12-26 07:53:35.000,2019-12-26 07:53:38.000
239,"{""is_flexible"": false, ""distance_limit"": 30}",239,2019-12-26 07:53:35.000,2019-12-26 07:53:38.000
240,"{""is_flexible"": false, ""distance_limit"": 30}",240,2019-12-26 07:53:35.000,2019-12-26 07:53:38.000
241,"{""is_flexible"": false, ""distance_limit"": 30}",241,2019-12-26 07:53:35.000,2019-12-26 07:53:38.000
242,"{""is_flexible"": false, ""distance_limit"": 30}",242,2019-12-26 07:53:35.000,2019-12-26 07:53:38.000
243,"{""is_flexible"": false, ""distance_limit"": 30}",243,2019-12-26 07:53:35.000,2019-12-26 07:53:38.000
244,"{""is_flexible"": false, ""distance_limit"": 30}",244,2019-12-26 07:53:35.000,2019-12-26 07:53:38.000
245,"{""is_flexible"": false, ""distance_limit"": 30}",245,2019-12-26 07:53:35.000,2019-12-26 07:53:38.000
246,"{""is_flexible"": false, ""distance_limit"": 30}",246,2019-12-26 07:53:35.000,2019-12-26 07:53:38.000
247,"{""is_flexible"": false, ""distance_limit"": 30}",247,2019-12-26 07:53:35.000,2019-12-26 07:53:38.000
248,"{""is_flexible"": false, ""distance_limit"": 30}",248,2019-12-26 07:53:35.000,2019-12-26 07:53:38.000
249,"{""is_flexible"": false, ""distance_limit"": 30}",249,2019-12-26 07:53:35.000,2019-12-26 07:53:38.000
250,"{""is_flexible"": false, ""distance_limit"": 30}",250,2019-12-26 07:53:35.000,2019-12-26 07:53:38.000
251,"{""is_flexible"": false, ""distance_limit"": 30}",251,2019-12-26 07:53:35.000,2019-12-26 07:53:38.000
253,"{""is_flexible"": false, ""distance_limit"": 30}",253,2019-12-26 07:53:35.000,2019-12-26 07:53:38.000
254,"{""is_flexible"": false, ""distance_limit"": 30}",254,2019-12-26 07:53:35.000,2019-12-26 07:53:38.000
255,"{""is_flexible"": false, ""distance_limit"": 30}",255,2019-12-26 07:53:35.000,2019-12-26 07:53:38.000
256,"{""is_flexible"": false, ""distance_limit"": 30}",256,2019-12-26 07:53:35.000,2019-12-26 07:53:38.000
257,"{""is_flexible"": false, ""distance_limit"": 30}",257,2019-12-26 07:53:35.000,2019-12-26 07:53:38.000
260,"{""is_flexible"": false, ""distance_limit"": 30}",260,2019-12-26 07:53:35.000,2019-12-26 07:53:38.000
261,"{""is_flexible"": false, ""distance_limit"": 30}",261,2019-12-26 07:53:35.000,2019-12-26 07:53:38.000
262,"{""is_flexible"": false, ""distance_limit"": 30}",262,2019-12-26 07:53:35.000,2019-12-26 07:53:38.000
263,"{""is_flexible"": false, ""distance_limit"": 30}",263,2019-12-26 07:53:35.000,2019-12-26 07:53:38.000
264,"{""is_flexible"": false, ""distance_limit"": 30}",264,2019-12-26 07:53:35.000,2019-12-26 07:53:38.000
265,"{""is_flexible"": false, ""distance_limit"": 30}",265,2019-12-26 07:53:35.000,2019-12-26 07:53:38.000
266,"{""is_flexible"": false, ""distance_limit"": 30}",266,2019-12-26 07:53:35.000,2019-12-26 07:53:38.000
267,"{""is_flexible"": false, ""distance_limit"": 30}",267,2019-12-26 07:53:35.000,2019-12-26 07:53:38.000
268,"{""is_flexible"": false, ""distance_limit"": 30}",268,2019-12-26 07:53:35.000,2019-12-26 07:53:38.000
269,"{""is_flexible"": false, ""distance_limit"": 30}",269,2019-12-26 07:53:35.000,2019-12-26 07:53:38.000
270,"{""is_flexible"": false, ""distance_limit"": 30}",270,2019-12-26 07:53:35.000,2019-12-26 07:53:38.000
271,"{""is_flexible"": false, ""distance_limit"": 30}",271,2019-12-26 07:53:35.000,2019-12-26 07:53:38.000
272,"{""is_flexible"": false, ""distance_limit"": 30}",272,2019-12-26 07:53:35.000,2019-12-26 07:53:38.000
274,"{""is_flexible"": false, ""distance_limit"": 30}",274,2019-12-26 07:53:35.000,2019-12-26 07:53:38.000
275,"{""is_flexible"": false, ""distance_limit"": 30}",275,2019-12-26 07:53:35.000,2019-12-26 07:53:38.000
276,"{""is_flexible"": false, ""distance_limit"": 30}",276,2019-12-26 07:53:35.000,2019-12-26 07:53:38.000
277,"{""is_flexible"": false, ""distance_limit"": 30}",277,2019-12-26 07:53:35.000,2019-12-26 07:53:38.000
278,"{""is_flexible"": false, ""distance_limit"": 30}",278,2019-12-26 07:53:35.000,2019-12-26 07:53:38.000
279,"{""is_flexible"": false, ""distance_limit"": 30}",279,2019-12-26 07:53:35.000,2019-12-26 07:53:38.000
280,"{""is_flexible"": false, ""distance_limit"": 30}",280,2019-12-26 07:53:35.000,2019-12-26 07:53:38.000
281,"{""is_flexible"": false, ""distance_limit"": 30}",281,2019-12-26 07:53:35.000,2019-12-26 07:53:38.000
282,"{""is_flexible"": false, ""distance_limit"": 30}",282,2019-12-26 07:53:35.000,2019-12-26 07:53:38.000
283,"{""is_flexible"": false, ""distance_limit"": 30}",283,2019-12-26 07:53:35.000,2019-12-26 07:53:38.000
284,"{""is_flexible"": false, ""distance_limit"": 30}",284,2019-12-26 07:53:35.000,2019-12-26 07:53:38.000
285,"{""is_flexible"": false, ""distance_limit"": 30}",285,2019-12-26 07:53:35.000,2019-12-26 07:53:38.000
286,"{""is_flexible"": false, ""distance_limit"": 30}",286,2019-12-26 07:53:35.000,2019-12-26 07:53:38.000
287,"{""is_flexible"": false, ""distance_limit"": 30}",287,2019-12-26 07:53:35.000,2019-12-26 07:53:38.000
288,"{""is_flexible"": false, ""distance_limit"": 30}",288,2019-12-26 07:53:35.000,2019-12-26 07:53:38.000
289,"{""is_flexible"": false, ""distance_limit"": 30}",289,2019-12-26 07:53:35.000,2019-12-26 07:53:38.000
290,"{""is_flexible"": false, ""distance_limit"": 30}",290,2019-12-26 07:53:35.000,2019-12-26 07:53:38.000
291,"{""is_flexible"": false, ""distance_limit"": 30}",291,2019-12-26 07:53:35.000,2019-12-26 07:53:38.000
292,"{""is_flexible"": false, ""distance_limit"": 30}",292,2019-12-26 07:53:35.000,2019-12-26 07:53:38.000
293,"{""is_flexible"": false, ""distance_limit"": 30}",293,2019-12-26 07:53:35.000,2019-12-26 07:53:38.000
294,"{""is_flexible"": false, ""distance_limit"": 30}",294,2019-12-26 07:53:35.000,2019-12-26 07:53:38.000
295,"{""is_flexible"": false, ""distance_limit"": 30}",295,2019-12-26 07:53:35.000,2019-12-26 07:53:38.000
297,"{""is_flexible"": false, ""distance_limit"": 30}",297,2019-12-26 07:53:35.000,2019-12-26 07:53:38.000
298,"{""is_flexible"": false, ""distance_limit"": 30}",298,2019-12-26 07:53:35.000,2019-12-26 07:53:38.000
299,"{""is_flexible"": false, ""distance_limit"": 30}",299,2019-12-26 07:53:35.000,2019-12-26 07:53:38.000
300,"{""is_flexible"": false, ""distance_limit"": 30}",300,2019-12-26 07:53:35.000,2019-12-26 07:53:38.000
301,"{""is_flexible"": false, ""distance_limit"": 30}",301,2019-12-26 07:53:35.000,2019-12-26 07:53:38.000
302,"{""is_flexible"": false, ""distance_limit"": 30}",302,2019-12-26 07:53:35.000,2019-12-26 07:53:38.000
303,"{""is_flexible"": false, ""distance_limit"": 30}",303,2019-12-26 07:53:35.000,2019-12-26 07:53:38.000
304,"{""is_flexible"": false, ""distance_limit"": 30}",304,2019-12-26 07:53:35.000,2019-12-26 07:53:38.000
305,"{""is_flexible"": false, ""distance_limit"": 30}",305,2019-12-26 07:53:35.000,2019-12-26 07:53:38.000
306,"{""is_flexible"": false, ""distance_limit"": 30}",306,2019-12-26 07:53:35.000,2019-12-26 07:53:38.000
307,"{""is_flexible"": false, ""distance_limit"": 30}",307,2019-12-26 07:53:35.000,2019-12-26 07:53:38.000
308,"{""is_flexible"": false, ""distance_limit"": 30}",308,2019-12-26 07:53:35.000,2019-12-26 07:53:38.000
309,"{""is_flexible"": false, ""distance_limit"": 30}",309,2019-12-26 07:53:35.000,2019-12-26 07:53:38.000
310,"{""is_flexible"": false, ""distance_limit"": 30}",310,2019-12-26 07:53:35.000,2019-12-26 07:53:38.000
311,"{""is_flexible"": false, ""distance_limit"": 30}",311,2019-12-26 07:53:35.000,2019-12-26 07:53:38.000
312,"{""is_flexible"": false, ""distance_limit"": 30}",312,2019-12-26 07:53:35.000,2019-12-26 07:53:38.000
313,"{""is_flexible"": false, ""distance_limit"": 30}",313,2019-12-26 07:53:35.000,2019-12-26 07:53:38.000
314,"{""is_flexible"": false, ""distance_limit"": 30}",314,2019-12-26 07:53:35.000,2019-12-26 07:53:38.000
315,"{""is_flexible"": false, ""distance_limit"": 30}",315,2019-12-26 07:53:35.000,2019-12-26 07:53:38.000
316,"{""is_flexible"": false, ""distance_limit"": 30}",316,2019-12-26 07:53:35.000,2019-12-26 07:53:38.000
317,"{""is_flexible"": false, ""distance_limit"": 30}",317,2019-12-26 07:53:35.000,2019-12-26 07:53:38.000
318,"{""is_flexible"": false, ""distance_limit"": 30}",318,2019-12-26 07:53:35.000,2019-12-26 07:53:38.000
319,"{""is_flexible"": false, ""distance_limit"": 30}",319,2019-12-26 07:53:35.000,2019-12-26 07:53:38.000
320,"{""is_flexible"": false, ""distance_limit"": 30}",320,2019-12-26 07:53:35.000,2019-12-26 07:53:38.000
321,"{""is_flexible"": false, ""distance_limit"": 30}",321,2019-12-26 07:53:35.000,2019-12-26 07:53:38.000
322,"{""is_flexible"": false, ""distance_limit"": 30}",322,2019-12-26 07:53:35.000,2019-12-26 07:53:38.000
323,"{""is_flexible"": false, ""distance_limit"": 30}",323,2019-12-26 07:53:35.000,2019-12-26 07:53:38.000
324,"{""is_flexible"": false, ""distance_limit"": 30}",324,2019-12-26 07:53:35.000,2019-12-26 07:53:38.000
325,"{""is_flexible"": false, ""distance_limit"": 30}",325,2019-12-26 07:53:35.000,2019-12-26 07:53:38.000
326,"{""is_flexible"": false, ""distance_limit"": 30}",326,2019-12-26 07:53:35.000,2019-12-26 07:53:38.000
327,"{""is_flexible"": false, ""distance_limit"": 30}",327,2019-12-26 07:53:35.000,2019-12-26 07:53:38.000
328,"{""is_flexible"": false, ""distance_limit"": 30}",328,2019-12-26 07:53:35.000,2019-12-26 07:53:38.000
329,"{""is_flexible"": false, ""distance_limit"": 30}",329,2019-12-26 07:53:35.000,2019-12-26 07:53:38.000
330,"{""is_flexible"": false, ""distance_limit"": 30}",330,2019-12-26 07:53:35.000,2019-12-26 07:53:38.000
331,"{""is_flexible"": false, ""distance_limit"": 30}",331,2019-12-26 07:53:35.000,2019-12-26 07:53:38.000
332,"{""is_flexible"": false, ""distance_limit"": 30}",332,2019-12-26 07:53:35.000,2019-12-26 07:53:38.000
333,"{""is_flexible"": false, ""distance_limit"": 30}",333,2019-12-26 07:53:35.000,2019-12-26 07:53:38.000
334,"{""is_flexible"": false, ""distance_limit"": 30}",334,2019-12-26 07:53:35.000,2019-12-26 07:53:38.000
335,"{""is_flexible"": false, ""distance_limit"": 30}",335,2019-12-26 07:53:35.000,2019-12-26 07:53:38.000
336,"{""is_flexible"": false, ""distance_limit"": 30}",336,2019-12-26 07:53:35.000,2019-12-26 07:53:38.000
337,"{""is_flexible"": false, ""distance_limit"": 30}",337,2019-12-26 07:53:35.000,2019-12-26 07:53:38.000
338,"{""is_flexible"": false, ""distance_limit"": 30}",338,2019-12-26 07:53:35.000,2019-12-26 07:53:38.000
339,"{""is_flexible"": false, ""distance_limit"": 30}",339,2019-12-26 07:53:35.000,2019-12-26 07:53:38.000
340,"{""is_flexible"": false, ""distance_limit"": 30}",340,2019-12-26 07:53:35.000,2019-12-26 07:53:38.000
341,"{""is_flexible"": false, ""distance_limit"": 30}",341,2019-12-26 07:53:35.000,2019-12-26 07:53:38.000
342,"{""is_flexible"": false, ""distance_limit"": 30}",342,2019-12-26 07:53:35.000,2019-12-26 07:53:38.000
343,"{""is_flexible"": false, ""distance_limit"": 30}",343,2019-12-26 07:53:35.000,2019-12-26 07:53:38.000
344,"{""is_flexible"": false, ""distance_limit"": 30}",344,2019-12-26 07:53:35.000,2019-12-26 07:53:38.000
345,"{""is_flexible"": false, ""distance_limit"": 30}",345,2019-12-26 07:53:35.000,2019-12-26 07:53:38.000
346,"{""is_flexible"": false, ""distance_limit"": 30}",346,2019-12-26 07:53:35.000,2019-12-26 07:53:38.000
347,"{""is_flexible"": false, ""distance_limit"": 30}",347,2019-12-26 07:53:35.000,2019-12-26 07:53:38.000
348,"{""is_flexible"": false, ""distance_limit"": 30}",348,2019-12-26 07:53:35.000,2019-12-26 07:53:38.000
349,"{""is_flexible"": false, ""distance_limit"": 30}",349,2019-12-26 07:53:35.000,2019-12-26 07:53:38.000
350,"{""is_flexible"": false, ""distance_limit"": 30}",350,2019-12-26 07:53:35.000,2019-12-26 07:53:38.000
351,"{""is_flexible"": false, ""distance_limit"": 30}",351,2019-12-26 07:53:35.000,2019-12-26 07:53:38.000
353,"{""is_flexible"": false, ""distance_limit"": 30}",353,2019-12-26 07:53:35.000,2019-12-26 07:53:38.000
354,"{""is_flexible"": false, ""distance_limit"": 30}",354,2019-12-26 07:53:35.000,2019-12-26 07:53:38.000
355,"{""is_flexible"": false, ""distance_limit"": 30}",355,2019-12-26 07:53:35.000,2019-12-26 07:53:38.000
356,"{""is_flexible"": false, ""distance_limit"": 30}",356,2019-12-26 07:53:35.000,2019-12-26 07:53:38.000
357,"{""is_flexible"": false, ""distance_limit"": 30}",357,2019-12-26 07:53:35.000,2019-12-26 07:53:38.000
358,"{""is_flexible"": false, ""distance_limit"": 30}",358,2019-12-26 07:53:35.000,2019-12-26 07:53:38.000
359,"{""is_flexible"": false, ""distance_limit"": 30}",359,2019-12-26 07:53:35.000,2019-12-26 07:53:38.000
360,"{""is_flexible"": false, ""distance_limit"": 30}",360,2019-12-26 07:53:35.000,2019-12-26 07:53:38.000
361,"{""is_flexible"": false, ""distance_limit"": 30}",361,2019-12-26 07:53:35.000,2019-12-26 07:53:38.000
362,"{""is_flexible"": false, ""distance_limit"": 30}",362,2019-12-26 07:53:35.000,2019-12-26 07:53:38.000
363,"{""is_flexible"": false, ""distance_limit"": 30}",363,2019-12-26 07:53:35.000,2019-12-26 07:53:38.000
364,"{""is_flexible"": false, ""distance_limit"": 30}",364,2019-12-26 07:53:35.000,2019-12-26 07:53:38.000
365,"{""is_flexible"": false, ""distance_limit"": 30}",365,2019-12-26 07:53:35.000,2019-12-26 07:53:38.000
366,"{""is_flexible"": false, ""distance_limit"": 30}",366,2019-12-26 07:53:35.000,2019-12-26 07:53:38.000
367,"{""is_flexible"": false, ""distance_limit"": 30}",367,2019-12-26 07:53:35.000,2019-12-26 07:53:38.000
368,"{""is_flexible"": false, ""distance_limit"": 30}",368,2019-12-26 07:53:35.000,2019-12-26 07:53:38.000
369,"{""is_flexible"": false, ""distance_limit"": 30}",369,2019-12-26 07:53:35.000,2019-12-26 07:53:38.000
370,"{""is_flexible"": false, ""distance_limit"": 30}",370,2019-12-26 07:53:35.000,2019-12-26 07:53:38.000
371,"{""is_flexible"": false, ""distance_limit"": 30}",371,2019-12-26 07:53:35.000,2019-12-26 07:53:38.000
372,"{""is_flexible"": false, ""distance_limit"": 30}",372,2019-12-26 07:53:35.000,2019-12-26 07:53:38.000
373,"{""is_flexible"": false, ""distance_limit"": 30}",373,2019-12-26 07:53:35.000,2019-12-26 07:53:38.000
374,"{""is_flexible"": false, ""distance_limit"": 30}",374,2019-12-26 07:53:35.000,2019-12-26 07:53:38.000
375,"{""is_flexible"": false, ""distance_limit"": 30}",375,2019-12-26 07:53:35.000,2019-12-26 07:53:38.000
376,"{""is_flexible"": false, ""distance_limit"": 30}",376,2019-12-26 07:53:35.000,2019-12-26 07:53:38.000
377,"{""is_flexible"": false, ""distance_limit"": 30}",377,2019-12-26 07:53:35.000,2019-12-26 07:53:38.000
378,"{""is_flexible"": false, ""distance_limit"": 30}",378,2019-12-26 07:53:35.000,2019-12-26 07:53:38.000
379,"{""is_flexible"": false, ""distance_limit"": 30}",379,2019-12-26 07:53:35.000,2019-12-26 07:53:38.000
380,"{""is_flexible"": false, ""distance_limit"": 30}",380,2019-12-26 07:53:35.000,2019-12-26 07:53:38.000
381,"{""is_flexible"": false, ""distance_limit"": 30}",381,2019-12-26 07:53:35.000,2019-12-26 07:53:38.000
382,"{""is_flexible"": false, ""distance_limit"": 30}",382,2019-12-26 07:53:35.000,2019-12-26 07:53:38.000
383,"{""is_flexible"": false, ""distance_limit"": 30}",383,2019-12-26 07:53:35.000,2019-12-26 07:53:38.000
384,"{""is_flexible"": false, ""distance_limit"": 30}",384,2019-12-26 07:53:35.000,2019-12-26 07:53:38.000
385,"{""is_flexible"": false, ""distance_limit"": 30}",385,2019-12-26 07:53:35.000,2019-12-26 07:53:38.000
386,"{""is_flexible"": false, ""distance_limit"": 30}",386,2019-12-26 07:53:35.000,2019-12-26 07:53:38.000
387,"{""is_flexible"": false, ""distance_limit"": 30}",387,2019-12-26 07:53:35.000,2019-12-26 07:53:38.000
388,"{""is_flexible"": false, ""distance_limit"": 30}",388,2019-12-26 07:53:35.000,2019-12-26 07:53:38.000
389,"{""is_flexible"": false, ""distance_limit"": 30}",389,2019-12-26 07:53:35.000,2019-12-26 07:53:38.000
390,"{""is_flexible"": false, ""distance_limit"": 30}",390,2019-12-26 07:53:35.000,2019-12-26 07:53:38.000
391,"{""is_flexible"": false, ""distance_limit"": 30}",391,2019-12-26 07:53:35.000,2019-12-26 07:53:38.000
392,"{""is_flexible"": false, ""distance_limit"": 30}",392,2019-12-26 07:53:35.000,2019-12-26 07:53:38.000
393,"{""is_flexible"": false, ""distance_limit"": 30}",393,2019-12-26 07:53:35.000,2019-12-26 07:53:38.000
394,"{""is_flexible"": false, ""distance_limit"": 30}",394,2019-12-26 07:53:35.000,2019-12-26 07:53:38.000
395,"{""is_flexible"": false, ""distance_limit"": 30}",395,2019-12-26 07:53:35.000,2019-12-26 07:53:38.000
396,"{""is_flexible"": false, ""distance_limit"": 30}",396,2019-12-26 07:53:35.000,2019-12-26 07:53:38.000
397,"{""is_flexible"": false, ""distance_limit"": 30}",397,2019-12-26 07:53:35.000,2019-12-26 07:53:38.000
398,"{""is_flexible"": false, ""distance_limit"": 30}",398,2019-12-26 07:53:35.000,2019-12-26 07:53:38.000
399,"{""is_flexible"": false, ""distance_limit"": 30}",399,2019-12-26 07:53:35.000,2019-12-26 07:53:38.000
400,"{""is_flexible"": false, ""distance_limit"": 30}",400,2019-12-26 07:53:35.000,2019-12-26 07:53:38.000
401,"{""is_flexible"": false, ""distance_limit"": 30}",401,2019-12-26 07:53:35.000,2019-12-26 07:53:38.000
402,"{""is_flexible"": false, ""distance_limit"": 30}",402,2019-12-26 07:53:35.000,2019-12-26 07:53:38.000
403,"{""is_flexible"": false, ""distance_limit"": 30}",403,2019-12-26 07:53:35.000,2019-12-26 07:53:38.000
404,"{""is_flexible"": false, ""distance_limit"": 30}",404,2019-12-26 07:53:35.000,2019-12-26 07:53:38.000
405,"{""is_flexible"": false, ""distance_limit"": 30}",405,2019-12-26 07:53:35.000,2019-12-26 07:53:38.000
406,"{""is_flexible"": false, ""distance_limit"": 30}",406,2019-12-26 07:53:35.000,2019-12-26 07:53:38.000
407,"{""is_flexible"": false, ""distance_limit"": 30}",407,2019-12-26 07:53:35.000,2019-12-26 07:53:38.000
408,"{""is_flexible"": false, ""distance_limit"": 30}",408,2019-12-26 07:53:35.000,2019-12-26 07:53:38.000
409,"{""is_flexible"": false, ""distance_limit"": 30}",409,2019-12-26 07:53:35.000,2019-12-26 07:53:38.000
410,"{""is_flexible"": false, ""distance_limit"": 30}",410,2019-12-26 07:53:35.000,2019-12-26 07:53:38.000
411,"{""is_flexible"": false, ""distance_limit"": 30}",411,2019-12-26 07:53:35.000,2019-12-26 07:53:38.000
412,"{""is_flexible"": false, ""distance_limit"": 30}",412,2019-12-26 07:53:35.000,2019-12-26 07:53:38.000
413,"{""is_flexible"": false, ""distance_limit"": 30}",413,2019-12-26 07:53:35.000,2019-12-26 07:53:38.000
414,"{""is_flexible"": false, ""distance_limit"": 30}",414,2019-12-26 07:53:35.000,2019-12-26 07:53:38.000
415,"{""is_flexible"": false, ""distance_limit"": 30}",415,2019-12-26 07:53:35.000,2019-12-26 07:53:38.000
416,"{""is_flexible"": false, ""distance_limit"": 30}",416,2019-12-26 07:53:35.000,2019-12-26 07:53:38.000
417,"{""is_flexible"": false, ""distance_limit"": 30}",417,2019-12-26 07:53:35.000,2019-12-26 07:53:38.000
418,"{""is_flexible"": false, ""distance_limit"": 30}",418,2019-12-26 07:53:35.000,2019-12-26 07:53:38.000
419,"{""is_flexible"": false, ""distance_limit"": 30}",419,2019-12-26 07:53:35.000,2019-12-26 07:53:38.000
420,"{""is_flexible"": false, ""distance_limit"": 30}",420,2019-12-26 07:53:35.000,2019-12-26 07:53:38.000
421,"{""is_flexible"": false, ""distance_limit"": 30}",421,2019-12-26 07:53:35.000,2019-12-26 07:53:38.000
422,"{""is_flexible"": false, ""distance_limit"": 30}",422,2019-12-26 07:53:35.000,2019-12-26 07:53:38.000
423,"{""is_flexible"": false, ""distance_limit"": 30}",423,2019-12-26 07:53:35.000,2019-12-26 07:53:38.000
424,"{""is_flexible"": false, ""distance_limit"": 30}",424,2019-12-26 07:53:35.000,2019-12-26 07:53:38.000
425,"{""is_flexible"": false, ""distance_limit"": 30}",425,2019-12-26 07:53:35.000,2019-12-26 07:53:38.000
426,"{""is_flexible"": false, ""distance_limit"": 30}",426,2019-12-26 07:53:35.000,2019-12-26 07:53:38.000
427,"{""is_flexible"": false, ""distance_limit"": 30}",427,2019-12-26 07:53:35.000,2019-12-26 07:53:38.000
428,"{""is_flexible"": false, ""distance_limit"": 30}",428,2019-12-26 07:53:35.000,2019-12-26 07:53:38.000
429,"{""is_flexible"": false, ""distance_limit"": 30}",429,2019-12-26 07:53:35.000,2019-12-26 07:53:38.000
430,"{""is_flexible"": false, ""distance_limit"": 30}",430,2019-12-26 07:53:35.000,2019-12-26 07:53:38.000
431,"{""is_flexible"": false, ""distance_limit"": 30}",431,2019-12-26 07:53:35.000,2019-12-26 07:53:38.000
432,"{""is_flexible"": false, ""distance_limit"": 30}",432,2019-12-26 07:53:35.000,2019-12-26 07:53:38.000
433,"{""is_flexible"": false, ""distance_limit"": 30}",433,2019-12-26 07:53:35.000,2019-12-26 07:53:38.000
434,"{""is_flexible"": false, ""distance_limit"": 30}",434,2019-12-26 07:53:35.000,2019-12-26 07:53:38.000
435,"{""is_flexible"": false, ""distance_limit"": 30}",435,2019-12-26 07:53:35.000,2019-12-26 07:53:38.000
436,"{""is_flexible"": false, ""distance_limit"": 30}",436,2019-12-26 07:53:35.000,2019-12-26 07:53:38.000
437,"{""is_flexible"": false, ""distance_limit"": 30}",437,2019-12-26 07:53:35.000,2019-12-26 07:53:38.000
438,"{""is_flexible"": false, ""distance_limit"": 30}",438,2019-12-26 07:53:35.000,2019-12-26 07:53:38.000
439,"{""is_flexible"": false, ""distance_limit"": 30}",439,2019-12-26 07:53:35.000,2019-12-26 07:53:38.000
440,"{""is_flexible"": false, ""distance_limit"": 30}",440,2019-12-26 07:53:35.000,2019-12-26 07:53:38.000
441,"{""is_flexible"": false, ""distance_limit"": 30}",441,2019-12-26 07:53:35.000,2019-12-26 07:53:38.000
442,"{""is_flexible"": false, ""distance_limit"": 30}",442,2019-12-26 07:53:35.000,2019-12-26 07:53:38.000
443,"{""is_flexible"": false, ""distance_limit"": 30}",443,2019-12-26 07:53:35.000,2019-12-26 07:53:38.000
444,"{""is_flexible"": false, ""distance_limit"": 30}",444,2019-12-26 07:53:35.000,2019-12-26 07:53:38.000
445,"{""is_flexible"": false, ""distance_limit"": 30}",445,2019-12-26 07:53:35.000,2019-12-26 07:53:38.000
446,"{""is_flexible"": false, ""distance_limit"": 30}",446,2019-12-26 07:53:35.000,2019-12-26 07:53:38.000
447,"{""is_flexible"": false, ""distance_limit"": 30}",447,2019-12-26 07:53:35.000,2019-12-26 07:53:38.000
448,"{""is_flexible"": false, ""distance_limit"": 30}",448,2019-12-26 07:53:35.000,2019-12-26 07:53:38.000
449,"{""is_flexible"": false, ""distance_limit"": 30}",449,2019-12-26 07:53:35.000,2019-12-26 07:53:38.000
450,"{""is_flexible"": false, ""distance_limit"": 30}",450,2019-12-26 07:53:35.000,2019-12-26 07:53:38.000
451,"{""is_flexible"": false, ""distance_limit"": 30}",451,2019-12-26 07:53:35.000,2019-12-26 07:53:38.000
452,"{""is_flexible"": false, ""distance_limit"": 30}",452,2019-12-26 07:53:35.000,2019-12-26 07:53:38.000
453,"{""is_flexible"": false, ""distance_limit"": 30}",453,2019-12-26 07:53:35.000,2019-12-26 07:53:38.000
454,"{""is_flexible"": false, ""distance_limit"": 30}",454,2019-12-26 07:53:35.000,2019-12-26 07:53:38.000
455,"{""is_flexible"": false, ""distance_limit"": 30}",455,2019-12-26 07:53:35.000,2019-12-26 07:53:38.000
456,"{""is_flexible"": false, ""distance_limit"": 30}",456,2019-12-26 07:53:35.000,2019-12-26 07:53:38.000
457,"{""is_flexible"": false, ""distance_limit"": 30}",457,2019-12-26 07:53:35.000,2019-12-26 07:53:38.000
458,"{""is_flexible"": false, ""distance_limit"": 30}",458,2019-12-26 07:53:35.000,2019-12-26 07:53:38.000
459,"{""is_flexible"": false, ""distance_limit"": 30}",459,2019-12-26 07:53:35.000,2019-12-26 07:53:38.000
460,"{""is_flexible"": false, ""distance_limit"": 30}",460,2019-12-26 07:53:35.000,2019-12-26 07:53:38.000
461,"{""is_flexible"": false, ""distance_limit"": 30}",461,2019-12-26 07:53:35.000,2019-12-26 07:53:38.000
462,"{""is_flexible"": false, ""distance_limit"": 30}",462,2019-12-26 07:53:35.000,2019-12-26 07:53:38.000
463,"{""is_flexible"": false, ""distance_limit"": 30}",463,2019-12-26 07:53:35.000,2019-12-26 07:53:38.000
464,"{""is_flexible"": false, ""distance_limit"": 30}",464,2019-12-26 07:53:35.000,2019-12-26 07:53:38.000
465,"{""is_flexible"": false, ""distance_limit"": 30}",465,2019-12-26 07:53:35.000,2019-12-26 07:53:38.000
466,"{""is_flexible"": false, ""distance_limit"": 30}",466,2019-12-26 07:53:35.000,2019-12-26 07:53:38.000
467,"{""is_flexible"": false, ""distance_limit"": 30}",467,2019-12-26 07:53:35.000,2019-12-26 07:53:38.000
468,"{""is_flexible"": false, ""distance_limit"": 30}",468,2019-12-26 07:53:35.000,2019-12-26 07:53:38.000
469,"{""is_flexible"": false, ""distance_limit"": 30}",469,2019-12-26 07:53:35.000,2019-12-26 07:53:38.000
470,"{""is_flexible"": false, ""distance_limit"": 30}",470,2019-12-26 07:53:35.000,2019-12-26 07:53:38.000
471,"{""is_flexible"": false, ""distance_limit"": 30}",471,2019-12-26 07:53:35.000,2019-12-26 07:53:38.000
472,"{""is_flexible"": false, ""distance_limit"": 30}",472,2019-12-26 07:53:35.000,2019-12-26 07:53:38.000
473,"{""is_flexible"": false, ""distance_limit"": 30}",473,2019-12-26 07:53:35.000,2019-12-26 07:53:38.000
474,"{""is_flexible"": false, ""distance_limit"": 30}",474,2019-12-26 07:53:35.000,2019-12-26 07:53:38.000
475,"{""is_flexible"": false, ""distance_limit"": 30}",475,2019-12-26 07:53:35.000,2019-12-26 07:53:38.000
476,"{""is_flexible"": false, ""distance_limit"": 30}",476,2019-12-26 07:53:35.000,2019-12-26 07:53:38.000
477,"{""is_flexible"": false, ""distance_limit"": 30}",477,2019-12-26 07:53:35.000,2019-12-26 07:53:38.000
478,"{""is_flexible"": false, ""distance_limit"": 30}",478,2019-12-26 07:53:35.000,2019-12-26 07:53:38.000
479,"{""is_flexible"": false, ""distance_limit"": 30}",479,2019-12-26 07:53:35.000,2019-12-26 07:53:38.000
480,"{""is_flexible"": false, ""distance_limit"": 30}",480,2019-12-26 07:53:35.000,2019-12-26 07:53:38.000
481,"{""is_flexible"": false, ""distance_limit"": 30}",481,2019-12-26 07:53:35.000,2019-12-26 07:53:38.000
482,"{""is_flexible"": false, ""distance_limit"": 30}",482,2019-12-26 07:53:35.000,2019-12-26 07:53:38.000
483,"{""is_flexible"": false, ""distance_limit"": 30}",483,2019-12-26 07:53:35.000,2019-12-26 07:53:38.000
484,"{""is_flexible"": false, ""distance_limit"": 30}",484,2019-12-26 07:53:35.000,2019-12-26 07:53:38.000
485,"{""is_flexible"": false, ""distance_limit"": 30}",485,2019-12-26 07:53:35.000,2019-12-26 07:53:38.000
486,"{""is_flexible"": false, ""distance_limit"": 30}",486,2019-12-26 07:53:35.000,2019-12-26 07:53:38.000
487,"{""is_flexible"": false, ""distance_limit"": 30}",487,2019-12-26 07:53:35.000,2019-12-26 07:53:38.000
488,"{""is_flexible"": false, ""distance_limit"": 30}",488,2019-12-26 07:53:35.000,2019-12-26 07:53:38.000
489,"{""is_flexible"": false, ""distance_limit"": 30}",489,2019-12-26 07:53:35.000,2019-12-26 07:53:38.000
490,"{""is_flexible"": false, ""distance_limit"": 30}",490,2019-12-26 07:53:35.000,2019-12-26 07:53:38.000
491,"{""is_flexible"": false, ""distance_limit"": 30}",491,2019-12-26 07:53:35.000,2019-12-26 07:53:38.000
492,"{""is_flexible"": false, ""distance_limit"": 30}",492,2019-12-26 07:53:35.000,2019-12-26 07:53:38.000
493,"{""is_flexible"": false, ""distance_limit"": 30}",493,2019-12-26 07:53:35.000,2019-12-26 07:53:38.000
494,"{""is_flexible"": false, ""distance_limit"": 30}",494,2019-12-26 07:53:35.000,2019-12-26 07:53:38.000
495,"{""is_flexible"": false, ""distance_limit"": 30}",495,2019-12-26 07:53:35.000,2019-12-26 07:53:38.000
496,"{""is_flexible"": false, ""distance_limit"": 30}",496,2019-12-26 07:53:35.000,2019-12-26 07:53:38.000
497,"{""is_flexible"": false, ""distance_limit"": 30}",497,2019-12-26 07:53:35.000,2019-12-26 07:53:38.000
498,"{""is_flexible"": false, ""distance_limit"": 30}",498,2019-12-26 07:53:35.000,2019-12-26 07:53:38.000
499,"{""is_flexible"": false, ""distance_limit"": 30}",499,2019-12-26 07:53:35.000,2019-12-26 07:53:38.000
500,"{""is_flexible"": false, ""distance_limit"": 30}",500,2019-12-26 07:53:35.000,2019-12-26 07:53:38.000
501,"{""is_flexible"": false, ""distance_limit"": 30}",501,2019-12-26 07:53:35.000,2019-12-26 07:53:38.000
502,"{""is_flexible"": false, ""distance_limit"": 30}",502,2019-12-26 07:53:35.000,2019-12-26 07:53:38.000
503,"{""is_flexible"": false, ""distance_limit"": 30}",503,2019-12-26 07:53:35.000,2019-12-26 07:53:38.000
504,"{""is_flexible"": false, ""distance_limit"": 30}",504,2019-12-26 07:53:35.000,2019-12-26 07:53:38.000
505,"{""is_flexible"": false, ""distance_limit"": 30}",505,2019-12-26 07:53:35.000,2019-12-26 07:53:38.000
506,"{""is_flexible"": false, ""distance_limit"": 30}",506,2019-12-26 07:53:35.000,2019-12-26 07:53:38.000
507,"{""is_flexible"": false, ""distance_limit"": 30}",507,2019-12-26 07:53:35.000,2019-12-26 07:53:38.000
508,"{""is_flexible"": false, ""distance_limit"": 30}",508,2019-12-26 07:53:35.000,2019-12-26 07:53:38.000
509,"{""is_flexible"": false, ""distance_limit"": 30}",509,2019-12-26 07:53:35.000,2019-12-26 07:53:38.000
510,"{""is_flexible"": false, ""distance_limit"": 30}",510,2019-12-26 07:53:35.000,2019-12-26 07:53:38.000
511,"{""is_flexible"": false, ""distance_limit"": 30}",511,2019-12-26 07:53:35.000,2019-12-26 07:53:38.000
512,"{""is_flexible"": false, ""distance_limit"": 30}",512,2019-12-26 07:53:35.000,2019-12-26 07:53:38.000
513,"{""is_flexible"": false, ""distance_limit"": 30}",513,2019-12-26 07:53:35.000,2019-12-26 07:53:38.000
514,"{""is_flexible"": false, ""distance_limit"": 30}",514,2019-12-26 07:53:35.000,2019-12-26 07:53:38.000
515,"{""is_flexible"": false, ""distance_limit"": 30}",515,2019-12-26 07:53:35.000,2019-12-26 07:53:38.000
516,"{""is_flexible"": false, ""distance_limit"": 30}",516,2019-12-26 07:53:35.000,2019-12-26 07:53:38.000
517,"{""is_flexible"": false, ""distance_limit"": 30}",517,2019-12-26 07:53:35.000,2019-12-26 07:53:38.000
518,"{""is_flexible"": false, ""distance_limit"": 30}",518,2019-12-26 07:53:35.000,2019-12-26 07:53:38.000
519,"{""is_flexible"": false, ""distance_limit"": 30}",519,2019-12-26 07:53:35.000,2019-12-26 07:53:38.000
520,"{""is_flexible"": false, ""distance_limit"": 30}",520,2019-12-26 07:53:35.000,2019-12-26 07:53:38.000
521,"{""is_flexible"": false, ""distance_limit"": 30}",521,2019-12-26 07:53:35.000,2019-12-26 07:53:38.000
522,"{""is_flexible"": false, ""distance_limit"": 30}",522,2019-12-26 07:53:35.000,2019-12-26 07:53:38.000
523,"{""is_flexible"": false, ""distance_limit"": 30}",523,2019-12-26 07:53:35.000,2019-12-26 07:53:38.000
524,"{""is_flexible"": false, ""distance_limit"": 30}",524,2019-12-26 07:53:35.000,2019-12-26 07:53:38.000
525,"{""is_flexible"": false, ""distance_limit"": 30}",525,2019-12-26 07:53:35.000,2019-12-26 07:53:38.000
526,"{""is_flexible"": false, ""distance_limit"": 30}",526,2019-12-26 07:53:35.000,2019-12-26 07:53:38.000
527,"{""is_flexible"": false, ""distance_limit"": 30}",527,2019-12-26 07:53:35.000,2019-12-26 07:53:38.000
528,"{""is_flexible"": false, ""distance_limit"": 30}",528,2019-12-26 07:53:35.000,2019-12-26 07:53:38.000
529,"{""is_flexible"": false, ""distance_limit"": 30}",529,2019-12-26 07:53:35.000,2019-12-26 07:53:38.000
530,"{""is_flexible"": false, ""distance_limit"": 30}",530,2019-12-26 07:53:35.000,2019-12-26 07:53:38.000
531,"{""is_flexible"": false, ""distance_limit"": 30}",531,2019-12-26 07:53:35.000,2019-12-26 07:53:38.000
532,"{""is_flexible"": false, ""distance_limit"": 30}",532,2019-12-26 07:53:35.000,2019-12-26 07:53:38.000
533,"{""is_flexible"": false, ""distance_limit"": 30}",533,2019-12-26 07:53:35.000,2019-12-26 07:53:38.000
534,"{""is_flexible"": false, ""distance_limit"": 30}",534,2019-12-26 07:53:35.000,2019-12-26 07:53:38.000
535,"{""is_flexible"": false, ""distance_limit"": 30}",535,2019-12-26 07:53:35.000,2019-12-26 07:53:38.000
536,"{""is_flexible"": false, ""distance_limit"": 30}",536,2019-12-26 07:53:35.000,2019-12-26 07:53:38.000
537,"{""is_flexible"": false, ""distance_limit"": 30}",537,2019-12-26 07:53:35.000,2019-12-26 07:53:38.000
538,"{""is_flexible"": false, ""distance_limit"": 30}",538,2019-12-26 07:53:35.000,2019-12-26 07:53:38.000
539,"{""is_flexible"": false, ""distance_limit"": 30}",539,2019-12-26 07:53:35.000,2019-12-26 07:53:38.000
540,"{""is_flexible"": false, ""distance_limit"": 30}",540,2019-12-26 07:53:35.000,2019-12-26 07:53:38.000
541,"{""is_flexible"": false, ""distance_limit"": 30}",541,2019-12-26 07:53:35.000,2019-12-26 07:53:38.000
542,"{""is_flexible"": false, ""distance_limit"": 30}",542,2019-12-26 07:53:35.000,2019-12-26 07:53:38.000
543,"{""is_flexible"": false, ""distance_limit"": 30}",543,2019-12-26 07:53:35.000,2019-12-26 07:53:38.000
544,"{""is_flexible"": false, ""distance_limit"": 30}",544,2019-12-26 07:53:35.000,2019-12-26 07:53:38.000
545,"{""is_flexible"": false, ""distance_limit"": 30}",545,2019-12-26 07:53:35.000,2019-12-26 07:53:38.000
546,"{""is_flexible"": false, ""distance_limit"": 30}",546,2019-12-26 07:53:35.000,2019-12-26 07:53:38.000
547,"{""is_flexible"": false, ""distance_limit"": 30}",547,2019-12-26 07:53:35.000,2019-12-26 07:53:38.000
548,"{""is_flexible"": false, ""distance_limit"": 30}",548,2019-12-26 07:53:35.000,2019-12-26 07:53:38.000
549,"{""is_flexible"": false, ""distance_limit"": 30}",549,2019-12-26 07:53:35.000,2019-12-26 07:53:38.000
550,"{""is_flexible"": false, ""distance_limit"": 30}",550,2019-12-26 07:53:35.000,2019-12-26 07:53:38.000
572,"{""is_flexible"": false, ""distance_limit"": 30}",572,2019-12-26 07:53:35.000,2019-12-26 07:53:38.000
551,"{""is_flexible"": false, ""distance_limit"": 30}",551,2019-12-26 07:53:35.000,2019-12-26 07:53:38.000
552,"{""is_flexible"": false, ""distance_limit"": 30}",552,2019-12-26 07:53:35.000,2019-12-26 07:53:38.000
553,"{""is_flexible"": false, ""distance_limit"": 30}",553,2019-12-26 07:53:35.000,2019-12-26 07:53:38.000
554,"{""is_flexible"": false, ""distance_limit"": 30}",554,2019-12-26 07:53:35.000,2019-12-26 07:53:38.000
555,"{""is_flexible"": false, ""distance_limit"": 30}",555,2019-12-26 07:53:35.000,2019-12-26 07:53:38.000
556,"{""is_flexible"": false, ""distance_limit"": 30}",556,2019-12-26 07:53:35.000,2019-12-26 07:53:38.000
557,"{""is_flexible"": false, ""distance_limit"": 30}",557,2019-12-26 07:53:35.000,2019-12-26 07:53:38.000
558,"{""is_flexible"": false, ""distance_limit"": 30}",558,2019-12-26 07:53:35.000,2019-12-26 07:53:38.000
559,"{""is_flexible"": false, ""distance_limit"": 30}",559,2019-12-26 07:53:35.000,2019-12-26 07:53:38.000
560,"{""is_flexible"": false, ""distance_limit"": 30}",560,2019-12-26 07:53:35.000,2019-12-26 07:53:38.000
561,"{""is_flexible"": false, ""distance_limit"": 30}",561,2019-12-26 07:53:35.000,2019-12-26 07:53:38.000
562,"{""is_flexible"": false, ""distance_limit"": 30}",562,2019-12-26 07:53:35.000,2019-12-26 07:53:38.000
563,"{""is_flexible"": false, ""distance_limit"": 30}",563,2019-12-26 07:53:35.000,2019-12-26 07:53:38.000
564,"{""is_flexible"": false, ""distance_limit"": 30}",564,2019-12-26 07:53:35.000,2019-12-26 07:53:38.000
565,"{""is_flexible"": false, ""distance_limit"": 30}",565,2019-12-26 07:53:35.000,2019-12-26 07:53:38.000
566,"{""is_flexible"": false, ""distance_limit"": 30}",566,2019-12-26 07:53:35.000,2019-12-26 07:53:38.000
567,"{""is_flexible"": false, ""distance_limit"": 30}",567,2019-12-26 07:53:35.000,2019-12-26 07:53:38.000
568,"{""is_flexible"": false, ""distance_limit"": 30}",568,2019-12-26 07:53:35.000,2019-12-26 07:53:38.000
569,"{""is_flexible"": false, ""distance_limit"": 30}",569,2019-12-26 07:53:35.000,2019-12-26 07:53:38.000
570,"{""is_flexible"": false, ""distance_limit"": 30}",570,2019-12-26 07:53:35.000,2019-12-26 07:53:38.000
571,"{""is_flexible"": false, ""distance_limit"": 30}",571,2019-12-26 07:53:35.000,2019-12-26 07:53:38.000
573,"{""is_flexible"": false, ""distance_limit"": 30}",573,2019-12-26 07:53:35.000,2019-12-26 07:53:38.000
574,"{""is_flexible"": false, ""distance_limit"": 30}",574,2019-12-26 07:53:35.000,2019-12-26 07:53:38.000
575,"{""is_flexible"": false, ""distance_limit"": 30}",575,2019-12-26 07:53:35.000,2019-12-26 07:53:38.000
576,"{""is_flexible"": false, ""distance_limit"": 30}",576,2019-12-26 07:53:35.000,2019-12-26 07:53:38.000
577,"{""is_flexible"": false, ""distance_limit"": 30}",577,2019-12-26 07:53:35.000,2019-12-26 07:53:38.000
578,"{""is_flexible"": false, ""distance_limit"": 30}",578,2019-12-26 07:53:35.000,2019-12-26 07:53:38.000
579,"{""is_flexible"": false, ""distance_limit"": 30}",579,2019-12-26 07:53:35.000,2019-12-26 07:53:38.000
580,"{""is_flexible"": false, ""distance_limit"": 30}",580,2019-12-26 07:53:35.000,2019-12-26 07:53:38.000
581,"{""is_flexible"": false, ""distance_limit"": 30}",581,2019-12-26 07:53:35.000,2019-12-26 07:53:38.000
582,"{""is_flexible"": false, ""distance_limit"": 30}",582,2019-12-26 07:53:35.000,2019-12-26 07:53:38.000
583,"{""is_flexible"": false, ""distance_limit"": 30}",583,2019-12-26 07:53:35.000,2019-12-26 07:53:38.000
584,"{""is_flexible"": false, ""distance_limit"": 30}",584,2019-12-26 07:53:35.000,2019-12-26 07:53:38.000
589,"{""is_flexible"": false, ""distance_limit"": 30}",589,2019-12-26 07:53:35.000,2019-12-26 07:53:38.000
590,"{""is_flexible"": false, ""distance_limit"": 30}",590,2019-12-26 07:53:35.000,2019-12-26 07:53:38.000
591,"{""is_flexible"": false, ""distance_limit"": 30}",591,2019-12-26 07:53:35.000,2019-12-26 07:53:38.000
592,"{""is_flexible"": false, ""distance_limit"": 30}",592,2019-12-26 07:53:35.000,2019-12-26 07:53:38.000
593,"{""is_flexible"": false, ""distance_limit"": 30}",593,2019-12-26 07:53:35.000,2019-12-26 07:53:38.000
594,"{""is_flexible"": false, ""distance_limit"": 30}",594,2019-12-26 07:53:35.000,2019-12-26 07:53:38.000
595,"{""is_flexible"": false, ""distance_limit"": 30}",595,2019-12-26 07:53:35.000,2019-12-26 07:53:38.000
596,"{""is_flexible"": false, ""distance_limit"": 30}",596,2019-12-26 07:53:35.000,2019-12-26 07:53:38.000
597,"{""is_flexible"": false, ""distance_limit"": 30}",597,2019-12-26 07:53:35.000,2019-12-26 07:53:38.000
598,"{""is_flexible"": false, ""distance_limit"": 30}",598,2019-12-26 07:53:35.000,2019-12-26 07:53:38.000
599,"{""is_flexible"": false, ""distance_limit"": 30}",599,2019-12-26 07:53:35.000,2019-12-26 07:53:38.000
600,"{""is_flexible"": false, ""distance_limit"": 30}",600,2019-12-26 07:53:35.000,2019-12-26 07:53:38.000
601,"{""is_flexible"": false, ""distance_limit"": 30}",601,2019-12-26 07:53:35.000,2019-12-26 07:53:38.000
602,"{""is_flexible"": false, ""distance_limit"": 30}",602,2019-12-26 07:53:35.000,2019-12-26 07:53:38.000
603,"{""is_flexible"": false, ""distance_limit"": 30}",603,2019-12-26 07:53:35.000,2019-12-26 07:53:38.000
604,"{""is_flexible"": false, ""distance_limit"": 30}",604,2019-12-26 07:53:35.000,2019-12-26 07:53:38.000
605,"{""is_flexible"": false, ""distance_limit"": 30}",605,2019-12-26 07:53:35.000,2019-12-26 07:53:38.000
606,"{""is_flexible"": false, ""distance_limit"": 30}",606,2019-12-26 07:53:35.000,2019-12-26 07:53:38.000
607,"{""is_flexible"": false, ""distance_limit"": 30}",607,2019-12-26 07:53:35.000,2019-12-26 07:53:38.000
585,"{""is_flexible"": false, ""distance_limit"": 30}",585,2019-12-26 07:53:35.000,2019-12-26 07:53:38.000
586,"{""is_flexible"": false, ""distance_limit"": 30}",586,2019-12-26 07:53:35.000,2019-12-26 07:53:38.000
587,"{""is_flexible"": false, ""distance_limit"": 30}",587,2019-12-26 07:53:35.000,2019-12-26 07:53:38.000
588,"{""is_flexible"": false, ""distance_limit"": 30}",588,2019-12-26 07:53:35.000,2019-12-26 07:53:38.000
608,"{""is_flexible"": false, ""distance_limit"": 30}",608,2019-12-26 07:53:35.000,2019-12-26 07:53:38.000
609,"{""is_flexible"": false, ""distance_limit"": 30}",609,2019-12-26 07:53:35.000,2019-12-26 07:53:38.000
610,"{""is_flexible"": false, ""distance_limit"": 30}",610,2019-12-26 07:53:35.000,2019-12-26 07:53:38.000
611,"{""is_flexible"": false, ""distance_limit"": 30}",611,2019-12-26 07:53:35.000,2019-12-26 07:53:38.000
612,"{""is_flexible"": false, ""distance_limit"": 30}",612,2019-12-26 07:53:35.000,2019-12-26 07:53:38.000
613,"{""is_flexible"": false, ""distance_limit"": 30}",613,2019-12-26 07:53:35.000,2019-12-26 07:53:38.000
614,"{""is_flexible"": false, ""distance_limit"": 30}",614,2019-12-26 07:53:35.000,2019-12-26 07:53:38.000
615,"{""is_flexible"": false, ""distance_limit"": 30}",615,2019-12-26 07:53:35.000,2019-12-26 07:53:38.000
616,"{""is_flexible"": false, ""distance_limit"": 30}",616,2019-12-26 07:53:35.000,2019-12-26 07:53:38.000
617,"{""is_flexible"": false, ""distance_limit"": 30}",617,2019-12-26 07:53:35.000,2019-12-26 07:53:38.000
618,"{""is_flexible"": false, ""distance_limit"": 30}",618,2019-12-26 07:53:35.000,2019-12-26 07:53:38.000
619,"{""is_flexible"": false, ""distance_limit"": 30}",619,2019-12-26 07:53:35.000,2019-12-26 07:53:38.000
620,"{""is_flexible"": false, ""distance_limit"": 30}",620,2019-12-26 07:53:35.000,2019-12-26 07:53:38.000
621,"{""is_flexible"": false, ""distance_limit"": 30}",621,2019-12-26 07:53:35.000,2019-12-26 07:53:38.000
622,"{""is_flexible"": false, ""distance_limit"": 30}",622,2019-12-26 07:53:35.000,2019-12-26 07:53:38.000
623,"{""is_flexible"": false, ""distance_limit"": 30}",623,2019-12-26 07:53:35.000,2019-12-26 07:53:38.000
624,"{""is_flexible"": false, ""distance_limit"": 30}",624,2019-12-26 07:53:35.000,2019-12-26 07:53:38.000
625,"{""is_flexible"": false, ""distance_limit"": 30}",625,2019-12-26 07:53:35.000,2019-12-26 07:53:38.000
626,"{""is_flexible"": false, ""distance_limit"": 30}",626,2019-12-26 07:53:35.000,2019-12-26 07:53:38.000
627,"{""is_flexible"": false, ""distance_limit"": 30}",627,2019-12-26 07:53:35.000,2019-12-26 07:53:38.000
628,"{""is_flexible"": false, ""distance_limit"": 30}",628,2019-12-26 07:53:35.000,2019-12-26 07:53:38.000
629,"{""is_flexible"": false, ""distance_limit"": 30}",629,2019-12-26 07:53:35.000,2019-12-26 07:53:38.000
630,"{""is_flexible"": false, ""distance_limit"": 30}",630,2019-12-26 07:53:35.000,2019-12-26 07:53:38.000
631,"{""is_flexible"": false, ""distance_limit"": 30}",631,2019-12-26 07:53:35.000,2019-12-26 07:53:38.000
632,"{""is_flexible"": false, ""distance_limit"": 30}",632,2019-12-26 07:53:35.000,2019-12-26 07:53:38.000
633,"{""is_flexible"": false, ""distance_limit"": 30}",633,2019-12-26 07:53:35.000,2019-12-26 07:53:38.000
634,"{""is_flexible"": false, ""distance_limit"": 30}",634,2019-12-26 07:53:35.000,2019-12-26 07:53:38.000
635,"{""is_flexible"": false, ""distance_limit"": 30}",635,2019-12-26 07:53:35.000,2019-12-26 07:53:38.000
636,"{""is_flexible"": false, ""distance_limit"": 30}",636,2019-12-26 07:53:35.000,2019-12-26 07:53:38.000
637,"{""is_flexible"": false, ""distance_limit"": 30}",637,2019-12-26 07:53:35.000,2019-12-26 07:53:38.000
639,"{""is_flexible"": false, ""distance_limit"": 30}",639,2019-12-26 07:53:35.000,2019-12-26 07:53:38.000
640,"{""is_flexible"": false, ""distance_limit"": 30}",640,2019-12-26 07:53:35.000,2019-12-26 07:53:38.000
641,"{""is_flexible"": false, ""distance_limit"": 30}",641,2019-12-26 07:53:35.000,2019-12-26 07:53:38.000
642,"{""is_flexible"": false, ""distance_limit"": 30}",642,2019-12-26 07:53:35.000,2019-12-26 07:53:38.000
643,"{""is_flexible"": false, ""distance_limit"": 30}",643,2019-12-26 07:53:35.000,2019-12-26 07:53:38.000
644,"{""is_flexible"": false, ""distance_limit"": 30}",644,2019-12-26 07:53:35.000,2019-12-26 07:53:38.000
645,"{""is_flexible"": false, ""distance_limit"": 30}",645,2019-12-26 07:53:35.000,2019-12-26 07:53:38.000
646,"{""is_flexible"": false, ""distance_limit"": 30}",646,2019-12-26 07:53:35.000,2019-12-26 07:53:38.000
647,"{""is_flexible"": false, ""distance_limit"": 30}",647,2019-12-26 07:53:35.000,2019-12-26 07:53:38.000
648,"{""is_flexible"": false, ""distance_limit"": 30}",648,2019-12-26 07:53:35.000,2019-12-26 07:53:38.000
649,"{""is_flexible"": false, ""distance_limit"": 30}",649,2019-12-26 07:53:35.000,2019-12-26 07:53:38.000
650,"{""is_flexible"": false, ""distance_limit"": 30}",650,2019-12-26 07:53:35.000,2019-12-26 07:53:38.000
651,"{""is_flexible"": false, ""distance_limit"": 30}",651,2019-12-26 07:53:35.000,2019-12-26 07:53:38.000
652,"{""is_flexible"": false, ""distance_limit"": 30}",652,2019-12-26 07:53:35.000,2019-12-26 07:53:38.000
653,"{""is_flexible"": false, ""distance_limit"": 30}",653,2019-12-26 07:53:35.000,2019-12-26 07:53:38.000
654,"{""is_flexible"": false, ""distance_limit"": 30}",654,2019-12-26 07:53:35.000,2019-12-26 07:53:38.000
655,"{""is_flexible"": false, ""distance_limit"": 30}",655,2019-12-26 07:53:35.000,2019-12-26 07:53:38.000
656,"{""is_flexible"": false, ""distance_limit"": 30}",656,2019-12-26 07:53:35.000,2019-12-26 07:53:38.000
657,"{""is_flexible"": false, ""distance_limit"": 30}",657,2019-12-26 07:53:35.000,2019-12-26 07:53:38.000
658,"{""is_flexible"": false, ""distance_limit"": 30}",658,2019-12-26 07:53:35.000,2019-12-26 07:53:38.000
659,"{""is_flexible"": false, ""distance_limit"": 30}",659,2019-12-26 07:53:35.000,2019-12-26 07:53:38.000
670,"{""is_flexible"": false, ""distance_limit"": 30}",670,2019-12-26 07:53:35.000,2019-12-26 07:53:38.000
671,"{""is_flexible"": false, ""distance_limit"": 30}",671,2019-12-26 07:53:35.000,2019-12-26 07:53:38.000
672,"{""is_flexible"": false, ""distance_limit"": 30}",672,2019-12-26 07:53:35.000,2019-12-26 07:53:38.000
673,"{""is_flexible"": false, ""distance_limit"": 30}",673,2019-12-26 07:53:35.000,2019-12-26 07:53:38.000
674,"{""is_flexible"": false, ""distance_limit"": 30}",674,2019-12-26 07:53:35.000,2019-12-26 07:53:38.000
675,"{""is_flexible"": false, ""distance_limit"": 30}",675,2019-12-26 07:53:35.000,2019-12-26 07:53:38.000
676,"{""is_flexible"": false, ""distance_limit"": 30}",676,2019-12-26 07:53:35.000,2019-12-26 07:53:38.000
677,"{""is_flexible"": false, ""distance_limit"": 30}",677,2019-12-26 07:53:35.000,2019-12-26 07:53:38.000
679,"{""is_flexible"": false, ""distance_limit"": 30}",679,2019-12-26 07:53:35.000,2019-12-26 07:53:38.000
680,"{""is_flexible"": false, ""distance_limit"": 30}",680,2019-12-26 07:53:35.000,2019-12-26 07:53:38.000
678,"{""is_flexible"": false, ""distance_limit"": 30}",678,2019-12-26 07:53:35.000,2019-12-26 07:53:38.000
681,"{""is_flexible"": false, ""distance_limit"": 30}",681,2019-12-26 07:53:35.000,2019-12-26 07:53:38.000
682,"{""is_flexible"": false, ""distance_limit"": 30}",682,2019-12-26 07:53:35.000,2019-12-26 07:53:38.000
683,"{""is_flexible"": false, ""distance_limit"": 30}",683,2019-12-26 07:53:35.000,2019-12-26 07:53:38.000
684,"{""is_flexible"": false, ""distance_limit"": 30}",684,2019-12-26 07:53:35.000,2019-12-26 07:53:38.000
685,"{""is_flexible"": false, ""distance_limit"": 30}",685,2019-12-26 07:53:35.000,2019-12-26 07:53:38.000
686,"{""is_flexible"": false, ""distance_limit"": 30}",686,2019-12-26 07:53:35.000,2019-12-26 07:53:38.000
687,"{""is_flexible"": false, ""distance_limit"": 30}",687,2019-12-26 07:53:35.000,2019-12-26 07:53:38.000
688,"{""is_flexible"": false, ""distance_limit"": 30}",688,2019-12-26 07:53:35.000,2019-12-26 07:53:38.000
689,"{""is_flexible"": false, ""distance_limit"": 30}",689,2019-12-26 07:53:35.000,2019-12-26 07:53:38.000
690,"{""is_flexible"": false, ""distance_limit"": 30}",690,2019-12-26 07:53:35.000,2019-12-26 07:53:38.000
691,"{""is_flexible"": false, ""distance_limit"": 30}",691,2019-12-26 07:53:35.000,2019-12-26 07:53:38.000
692,"{""is_flexible"": false, ""distance_limit"": 30}",692,2019-12-26 07:53:35.000,2019-12-26 07:53:38.000
693,"{""is_flexible"": false, ""distance_limit"": 30}",693,2019-12-26 07:53:35.000,2019-12-26 07:53:38.000
694,"{""is_flexible"": false, ""distance_limit"": 30}",694,2019-12-26 07:53:35.000,2019-12-26 07:53:38.000
695,"{""is_flexible"": false, ""distance_limit"": 30}",695,2019-12-26 07:53:35.000,2019-12-26 07:53:38.000
696,"{""is_flexible"": false, ""distance_limit"": 30}",696,2019-12-26 07:53:35.000,2019-12-26 07:53:38.000
697,"{""is_flexible"": false, ""distance_limit"": 30}",697,2019-12-26 07:53:35.000,2019-12-26 07:53:38.000
698,"{""is_flexible"": false, ""distance_limit"": 30}",698,2019-12-26 07:53:35.000,2019-12-26 07:53:38.000
699,"{""is_flexible"": false, ""distance_limit"": 30}",699,2019-12-26 07:53:35.000,2019-12-26 07:53:38.000
700,"{""is_flexible"": false, ""distance_limit"": 30}",700,2019-12-26 07:53:35.000,2019-12-26 07:53:38.000
701,"{""is_flexible"": false, ""distance_limit"": 30}",701,2019-12-26 07:53:35.000,2019-12-26 07:53:38.000
702,"{""is_flexible"": false, ""distance_limit"": 30}",702,2019-12-26 07:53:35.000,2019-12-26 07:53:38.000
703,"{""is_flexible"": false, ""distance_limit"": 30}",703,2019-12-26 07:53:35.000,2019-12-26 07:53:38.000
704,"{""is_flexible"": false, ""distance_limit"": 30}",704,2019-12-26 07:53:35.000,2019-12-26 07:53:38.000
705,"{""is_flexible"": false, ""distance_limit"": 30}",705,2019-12-26 07:53:35.000,2019-12-26 07:53:38.000
706,"{""is_flexible"": false, ""distance_limit"": 30}",706,2019-12-26 07:53:35.000,2019-12-26 07:53:38.000
707,"{""is_flexible"": false, ""distance_limit"": 30}",707,2019-12-26 07:53:35.000,2019-12-26 07:53:38.000
708,"{""is_flexible"": false, ""distance_limit"": 30}",708,2019-12-26 07:53:35.000,2019-12-26 07:53:38.000
709,"{""is_flexible"": false, ""distance_limit"": 30}",709,2019-12-26 07:53:35.000,2019-12-26 07:53:38.000
710,"{""is_flexible"": false, ""distance_limit"": 30}",710,2019-12-26 07:53:35.000,2019-12-26 07:53:38.000
